,blues,classical,country,disco,hiphop,jazz,metal,pop,reggae,rock,
blues,0.0,13.6429209295,10.7047671174,5.50028358356,7.43623948614,4.10223169811,12.2871200552,8.48187914255,6.14996388982,6.64378087277,
classical,13.6429209295,0.0,11.20089087,16.4512655832,32.0549268828,13.2180474141,17.8568824942,21.8201412121,27.482486194,13.7506384995,
country,10.7047671174,11.20089087,0.0,9.85514364384,25.3545716981,9.16995484985,6.07185248984,12.1431645572,18.223299707,5.1469057445,
disco,5.50028358356,16.4512655832,9.85514364384,0.0,4.0461172596,5.07005742094,7.1987628058,2.33237453721,5.89264301545,4.40002170231,
hiphop,7.43623948614,32.0549268828,25.3545716981,4.0461172596,0.0,6.7506160527,17.0136012911,4.24628531255,4.18781570548,10.513226967,
jazz,4.10223169811,13.2180474141,9.16995484985,5.07005742094,6.7506160527,0.0,12.848333246,7.25781042392,6.26045149303,6.94941476708,
metal,12.2871200552,17.8568824942,6.07185248984,7.1987628058,17.0136012911,12.848333246,0.0,9.4537049371,21.4168201799,4.16645600726,
pop,8.48187914255,21.8201412121,12.1431645572,2.33237453721,4.24628531255,7.25781042392,9.4537049371,0.0,8.33601697428,5.52147693899,
reggae,6.14996388982,27.482486194,18.223299707,5.89264301545,4.18781570548,6.26045149303,21.4168201799,8.33601697428,0.0,13.8141721662,
rock,6.64378087277,13.7506384995,5.1469057445,4.40002170231,10.513226967,6.94941476708,4.16645600726,5.52147693899,13.8141721662,0.0,

Nearest classes
Genre,Nearest,2nd nearest,3rd nearest
blues,blues,jazz,disco,
classical,classical,country,jazz,
country,country,rock,metal,
disco,disco,pop,hiphop,
hiphop,hiphop,disco,reggae,
jazz,jazz,blues,disco,
metal,metal,rock,country,
pop,pop,disco,hiphop,
reggae,reggae,hiphop,disco,
rock,rock,metal,disco,
