,blues,classical,country,disco,hiphop,jazz,metal,pop,reggae,rock,
blues,3.5527136788e-15,29.4490860721,10.5690320078,44.8695483744,36.838308484,8.05540830289,63.9533094345,62.2363108881,15.1840858924,15.392695026,
classical,29.4490860721,7.1054273576e-15,56.511281467,179.541969587,191.824701795,10.7007933144,118.439179418,400.618766057,157.961236195,74.4423000517,
country,10.5690320078,56.511281467,7.1054273576e-15,30.3518432459,94.5876095154,14.9036138268,43.6899077059,46.782845886,22.721093638,8.67061045545,
disco,44.8695483744,179.541969587,30.3518432459,0.0,29.3282050825,65.3636731404,15.5784644878,6.68697249797,15.615019611,12.7192894974,
hiphop,36.838308484,191.824701795,94.5876095154,29.3282050825,0.0,78.1220682368,114.010092055,17.2803710379,11.6541091905,49.2119087255,
jazz,8.05540830289,10.7007933144,14.9036138268,65.3636731404,78.1220682368,0.0,65.858732076,121.926013378,44.1562191917,26.8103829035,
metal,63.9533094345,118.439179418,43.6899077059,15.5784644878,114.010092055,65.858732076,-3.5527136788e-15,46.7069550239,48.5836370051,18.9102792567,
pop,62.2363108881,400.618766057,46.782845886,6.68697249797,17.2803710379,121.926013378,46.7069550239,7.1054273576e-15,18.5039704211,26.5474375127,
reggae,15.1840858924,157.961236195,22.721093638,15.615019611,11.6541091905,44.1562191917,48.5836370051,18.5039704211,0.0,12.0147034411,
rock,15.392695026,74.4423000517,8.67061045545,12.7192894974,49.2119087255,26.8103829035,18.9102792567,26.5474375127,12.0147034411,0.0,

Nearest classes
Genre,Nearest,2nd nearest,3rd nearest
blues,blues,jazz,country,
classical,classical,jazz,blues,
country,country,rock,blues,
disco,disco,pop,rock,
hiphop,hiphop,reggae,pop,
jazz,jazz,blues,classical,
metal,metal,disco,rock,
pop,pop,disco,hiphop,
reggae,reggae,hiphop,rock,
rock,rock,country,reggae,
