,blues,classical,country,disco,hiphop,jazz,metal,pop,reggae,rock,
blues,102.212858575,315.824518907,128.614584166,211.092465796,311.278791854,131.30310511,513.64040178,390.257655494,170.844234616,290.269569177,
classical,315.824518907,223.771298824,291.943505974,798.912352033,1781.6692386,122.109406705,526.549774827,1663.65761799,846.267016975,489.893051023,
country,128.614584166,291.943505974,171.841962573,249.284161787,407.745771127,188.946748898,177.097689261,558.538137073,239.24569197,149.522557707,
disco,211.092465796,798.912352033,249.284161787,61.7966132859,372.282950635,474.752415153,227.371918018,98.9940239937,120.087708805,168.763507724,
hiphop,311.278791854,1781.6692386,407.745771127,372.282950635,149.564960571,576.433885852,3054.34183294,242.265327198,125.738911416,1580.01625453,
jazz,131.30310511,122.109406705,188.946748898,474.752415153,576.433885852,77.1510222081,306.939596434,1002.79053256,430.193821726,279.592772609,
metal,513.64040178,526.549774827,177.097689261,227.371918018,3054.34183294,306.939596434,111.481766593,526.772521392,721.742682884,160.726609282,
pop,390.257655494,1663.65761799,558.538137073,98.9940239937,242.265327198,1002.79053256,526.772521392,90.2418376498,118.176668285,378.250999118,
reggae,170.844234616,846.267016975,239.24569197,120.087708805,125.738911416,430.193821726,721.742682884,118.176668285,63.0718553397,397.074042956,
rock,290.269569177,489.893051023,149.522557707,168.763507724,1580.01625453,279.592772609,160.726609282,378.250999118,397.074042956,128.898386031,

Nearest classes
Genre,Nearest,2nd nearest,3rd nearest
blues,blues,country,jazz,
classical,jazz,classical,country,
country,blues,rock,country,
disco,disco,pop,reggae,
hiphop,reggae,hiphop,pop,
jazz,jazz,classical,blues,
metal,metal,rock,country,
pop,pop,disco,reggae,
reggae,reggae,pop,disco,
rock,rock,country,metal,
