,blues,classical,country,disco,hiphop,jazz,metal,pop,reggae,rock,
blues,0.0,12.8591767134,11.1952294914,9.62624521089,9.59656439375,6.0892878988,13.5380148028,10.2019415586,9.1885031698,7.77281491026,
classical,12.8591767134,0.0,12.9038513876,17.0130776534,34.7057648606,12.5103674908,20.2384318534,21.6893323464,28.1615386708,14.2536662462,
country,11.1952294914,12.9038513876,0.0,7.94897623061,33.9387978711,10.2096224376,7.73945547399,12.9413415445,21.5582096773,6.75584350809,
disco,9.62624521089,17.0130776534,7.94897623061,0.0,11.7167447629,7.51383489773,8.59125562805,4.32532510742,10.0625112621,5.69625191713,
hiphop,9.59656439375,34.7057648606,33.9387978711,11.7167447629,3.5527136788e-15,9.3258235484,22.6235046216,6.41168523054,6.23733817713,12.8082918141,
jazz,6.0892878988,12.5103674908,10.2096224376,7.51383489773,9.3258235484,-1.7763568394e-15,15.9791745524,7.0088375367,7.81830384344,8.34780532168,
metal,13.5380148028,20.2384318534,7.73945547399,8.59125562805,22.6235046216,15.9791745524,-1.7763568394e-15,14.546466907,27.4993528543,5.33030242955,
pop,10.2019415586,21.6893323464,12.9413415445,4.32532510742,6.41168523054,7.0088375367,14.546466907,0.0,10.2626704743,8.23964759855,
reggae,9.1885031698,28.1615386708,21.5582096773,10.0625112621,6.23733817713,7.81830384344,27.4993528543,10.2626704743,-1.7763568394e-15,17.2896242767,
rock,7.77281491026,14.2536662462,6.75584350809,5.69625191713,12.8082918141,8.34780532168,5.33030242955,8.23964759855,17.2896242767,0.0,

Nearest classes
Genre,Nearest,2nd nearest,3rd nearest
blues,blues,jazz,rock,
classical,classical,jazz,blues,
country,country,rock,metal,
disco,disco,pop,rock,
hiphop,hiphop,reggae,pop,
jazz,jazz,blues,pop,
metal,metal,rock,country,
pop,pop,disco,hiphop,
reggae,reggae,hiphop,jazz,
rock,rock,metal,disco,
