,blues,classical,country,disco,hiphop,jazz,metal,pop,reggae,rock,
blues,0.0,4.34939859909,2.13352893137,2.85786713022,5.16208877692,1.12994861596,7.59750110487,2.75361207468,2.56700848082,2.51780537136,
classical,4.34939859909,0.0,5.66464310417,6.5637215056,11.599137624,2.45434999443,11.9725831963,7.88537140242,7.98874044352,5.19319621611,
country,2.13352893137,5.66464310417,0.0,1.95088731113,15.7443056459,2.99509360808,5.02976217318,4.32369439331,5.11987175696,1.55622303329,
disco,2.85786713022,6.5637215056,1.95088731113,0.0,8.55542833031,2.73812768063,3.37785085608,1.90631846301,3.82307191128,1.18230474681,
hiphop,5.16208877692,11.599137624,15.7443056459,8.55542833031,-1.7763568394e-15,4.85978689274,13.9648364441,2.8058332234,3.96906539488,12.0574723539,
jazz,1.12994861596,2.45434999443,2.99509360808,2.73812768063,4.85978689274,0.0,8.92703596363,2.32399418166,2.28842990319,3.34227631979,
metal,7.59750110487,11.9725831963,5.02976217318,3.37785085608,13.9648364441,8.92703596363,0.0,7.70915009765,13.1287934788,2.15715029502,
pop,2.75361207468,7.88537140242,4.32369439331,1.90631846301,2.8058332234,2.32399418166,7.70915009765,0.0,2.91579207347,4.26714363241,
reggae,2.56700848082,7.98874044352,5.11987175696,3.82307191128,3.96906539488,2.28842990319,13.1287934788,2.91579207347,0.0,6.18721750962,
rock,2.51780537136,5.19319621611,1.55622303329,1.18230474681,12.0574723539,3.34227631979,2.15715029502,4.26714363241,6.18721750962,0.0,

Nearest classes
Genre,Nearest,2nd nearest,3rd nearest
blues,blues,jazz,country,
classical,classical,jazz,blues,
country,country,rock,disco,
disco,disco,rock,pop,
hiphop,hiphop,pop,reggae,
jazz,jazz,blues,reggae,
metal,metal,rock,disco,
pop,pop,disco,jazz,
reggae,reggae,jazz,blues,
rock,rock,disco,country,
