,blues,classical,country,disco,hiphop,jazz,metal,pop,reggae,rock,
blues,15.2350739553,24.7243477645,20.8851049728,15.7257123561,21.4487706893,16.3442541082,82.2392808186,17.6307568509,13.8115317,31.4101648007,
classical,24.7243477645,15.1901872859,26.1637052016,22.7194027545,45.4930248438,19.0509675664,69.5574578416,32.5289773076,25.3579008161,31.1874463174,
country,20.8851049728,26.1637052016,13.8522032597,14.706010649,49.5260282724,22.0239190238,39.2636163519,26.0140005432,22.461832825,19.4116728293,
disco,15.7257123561,22.7194027545,14.706010649,9.95417727968,27.8202015703,15.9498008755,51.9031284253,16.1304655605,14.3287611702,21.1695324824,
hiphop,21.4487706893,45.4930248438,49.5260282724,27.8202015703,19.4169540827,26.3144239775,265.15212921,20.9532997485,11.6518030036,89.3912833181,
jazz,16.3442541082,19.0509675664,22.0239190238,15.9498008755,26.3144239775,14.2359647068,87.9047268493,19.6025231563,13.3280258155,33.7589538189,
metal,82.2392808186,69.5574578416,39.2636163519,51.9031284253,265.15212921,87.9047268493,66.1060842932,117.789840612,98.0444942776,45.3743519289,
pop,17.6307568509,32.5289773076,26.0140005432,16.1304655605,20.9532997485,19.6025231563,117.789840612,15.5048624529,13.2524544698,43.5468265339,
reggae,13.8115317,25.3579008161,22.461832825,14.3287611702,11.6518030036,13.3280258155,98.0444942776,13.2524544698,5.2833706373,37.312698356,
rock,31.4101648007,31.1874463174,19.4116728293,21.1695324824,89.3912833181,33.7589538189,45.3743519289,43.5468265339,37.312698356,23.0590192573,

Nearest classes
Genre,Nearest,2nd nearest,3rd nearest
blues,reggae,blues,disco,
classical,classical,jazz,disco,
country,country,disco,rock,
disco,disco,reggae,country,
hiphop,reggae,hiphop,pop,
jazz,reggae,jazz,disco,
metal,country,rock,disco,
pop,reggae,pop,disco,
reggae,reggae,hiphop,pop,
rock,country,disco,rock,
