,blues,classical,country,disco,hiphop,jazz,metal,pop,reggae,rock,
blues,194.511033004,389.925241456,195.659950995,351.135475049,639.843162191,168.0565247,839.612128937,957.586380203,480.530599015,388.426453166,
classical,389.925241456,205.191402063,293.638765848,806.373728754,2140.10166983,241.671577073,615.342602247,2139.09339972,1846.83154177,525.738136015,
country,195.659950995,293.638765848,122.590737947,190.038206747,526.976091672,128.864250447,160.915664756,556.526234614,409.312935266,127.774256727,
disco,351.135475049,806.373728754,190.038206747,69.2631668612,281.563323494,228.160691822,445.679554285,92.3767122134,284.837238854,169.333818909,
hiphop,639.843162191,2140.10166983,526.976091672,281.563323494,89.4859131078,525.79419775,3622.50656723,181.45257839,93.3957922944,1124.80427333,
jazz,168.0565247,241.671577073,128.864250447,228.160691822,525.79419775,104.350338492,264.661059888,681.563836508,413.553856924,171.974884788,
metal,839.612128937,615.342602247,160.915664756,445.679554285,3622.50656723,264.661059888,142.704085318,631.219173563,3671.96261161,214.061759308,
pop,957.586380203,2139.09339972,556.526234614,92.3767122134,181.45257839,681.563836508,631.219173563,93.604014083,200.005864735,295.282344616,
reggae,480.530599015,1846.83154177,409.312935266,284.837238854,93.3957922944,413.553856924,3671.96261161,200.005864735,83.3950795895,1142.63798067,
rock,388.426453166,525.738136015,127.774256727,169.333818909,1124.80427333,171.974884788,214.061759308,295.282344616,1142.63798067,121.993362258,

Nearest classes
Genre,Nearest,2nd nearest,3rd nearest
blues,jazz,blues,country,
classical,classical,jazz,country,
country,country,rock,jazz,
disco,disco,pop,rock,
hiphop,hiphop,reggae,pop,
jazz,jazz,country,blues,
metal,metal,country,rock,
pop,disco,pop,hiphop,
reggae,reggae,hiphop,pop,
rock,rock,country,disco,
