,blues,classical,country,disco,hiphop,jazz,metal,pop,reggae,rock,
blues,-3.5527136788e-15,31.9290541289,13.3045989374,31.3955642656,36.1439896827,5.89552158141,56.6676330982,67.9504216088,17.1252235216,14.2381578625,
classical,31.9290541289,2.13162820728e-14,56.7595625336,165.221171604,270.881234471,28.5409916244,116.33955909,457.606146673,185.642435591,86.0868749542,
country,13.3045989374,56.7595625336,-3.5527136788e-15,26.0136496391,84.6458735607,7.90134175637,36.3754260279,53.8366914666,69.1008183448,7.71689671711,
disco,31.3955642656,165.221171604,26.0136496391,3.5527136788e-15,13.1297075655,28.5866024853,15.3808786674,8.36694455615,14.8738594646,7.93813550813,
hiphop,36.1439896827,270.881234471,84.6458735607,13.1297075655,0.0,56.9832491849,98.3377166065,14.1016035781,7.94634094547,34.7168491966,
jazz,5.89552158141,28.5409916244,7.90134175637,28.5866024853,56.9832491849,-3.5527136788e-15,39.4536989217,69.485209598,39.0707410232,11.796545838,
metal,56.6676330982,116.33955909,36.3754260279,15.3808786674,98.3377166065,39.4536989217,-7.1054273576e-15,47.2359215796,105.642293109,16.0545670786,
pop,67.9504216088,457.606146673,53.8366914666,8.36694455615,14.1016035781,69.485209598,47.2359215796,-3.5527136788e-15,24.1927809057,28.013794707,
reggae,17.1252235216,185.642435591,69.1008183448,14.8738594646,7.94634094547,39.0707410232,105.642293109,24.1927809057,7.1054273576e-15,28.0793770688,
rock,14.2381578625,86.0868749542,7.71689671711,7.93813550813,34.7168491966,11.796545838,16.0545670786,28.013794707,28.0793770688,-3.5527136788e-15,

Nearest classes
Genre,Nearest,2nd nearest,3rd nearest
blues,blues,jazz,country,
classical,classical,jazz,blues,
country,country,rock,jazz,
disco,disco,rock,pop,
hiphop,hiphop,reggae,disco,
jazz,jazz,blues,country,
metal,metal,disco,rock,
pop,pop,disco,hiphop,
reggae,reggae,hiphop,disco,
rock,rock,country,disco,
