,blues,classical,country,disco,hiphop,jazz,metal,pop,reggae,rock,
blues,0.0,5.20473334782,2.69347513795,2.13513284293,4.12437375454,0.777889635196,7.29119459036,2.44008234238,1.48745461907,2.83377724021,
classical,5.20473334782,0.0,5.87066581217,6.62749870258,11.0431308762,2.87578961467,10.4166212312,8.52320543498,7.27817283384,5.29290833618,
country,2.69347513795,5.87066581217,0.0,2.58613619978,15.0021426247,2.75388310743,4.21149464377,4.33606854063,4.92396133429,1.52648618755,
disco,2.13513284293,6.62749870258,2.58613619978,0.0,4.58612420949,2.13998908608,2.82243629477,0.939975672252,2.90532806245,1.04496798895,
hiphop,4.12437375454,11.0431308762,15.0021426247,4.58612420949,0.0,4.63659698684,10.2603308923,2.51292199664,2.80757541233,8.00127322979,
jazz,0.777889635196,2.87578961467,2.75388310743,2.13998908608,4.63659698684,0.0,6.876598049,2.66981976319,1.80163221089,2.72967761124,
metal,7.29119459036,10.4166212312,4.21149464377,2.82243629477,10.2603308923,6.876598049,0.0,4.66851598981,10.6686964095,1.69653647,
pop,2.44008234238,8.52320543498,4.33606854063,0.939975672252,2.51292199664,2.66981976319,4.66851598981,0.0,2.82133987759,2.51371668461,
reggae,1.48745461907,7.27817283384,4.92396133429,2.90532806245,2.80757541233,1.80163221089,10.6686964095,2.82133987759,0.0,5.08283310872,
rock,2.83377724021,5.29290833618,1.52648618755,1.04496798895,8.00127322979,2.72967761124,1.69653647,2.51371668461,5.08283310872,0.0,

Nearest classes
Genre,Nearest,2nd nearest,3rd nearest
blues,blues,jazz,reggae,
classical,classical,jazz,blues,
country,country,rock,disco,
disco,disco,pop,rock,
hiphop,hiphop,pop,reggae,
jazz,jazz,blues,reggae,
metal,metal,rock,disco,
pop,pop,disco,blues,
reggae,reggae,blues,jazz,
rock,rock,disco,country,
