,blues,classical,country,disco,hiphop,jazz,metal,pop,reggae,rock,
blues,14.7523551845,29.3783249496,19.9901604704,14.1497233965,17.478598535,15.1850434522,85.2816042662,15.3824192715,12.0156416311,31.7959227805,
classical,29.3783249496,19.0156608897,23.3292677853,24.4542509922,53.076200352,21.8478739513,66.295050728,34.3021726162,29.6156991393,31.0714672338,
country,19.9901604704,23.3292677853,10.8422064835,15.6745269326,41.9415938331,18.0736791769,35.5248376089,21.6875119339,20.9537008969,17.704833948,
disco,14.1497233965,24.4542509922,15.6745269326,10.7589405048,21.3080883764,13.9182749418,64.7961162486,13.5789655445,12.8788612526,24.1778557149,
hiphop,17.478598535,53.076200352,41.9415938331,21.3080883764,14.0399291053,23.1788640242,223.570526699,17.8502346777,10.0356634794,73.1463528166,
jazz,15.1850434522,21.8478739513,18.0736791769,13.9182749418,23.1788640242,12.8882916901,74.3265531537,17.2277949886,12.9299409259,28.316748467,
metal,85.2816042662,66.295050728,35.5248376089,64.7961162486,223.570526699,74.3265531537,83.9260115246,98.8262490336,98.3180161852,53.5409672313,
pop,15.3824192715,34.3021726162,21.6875119339,13.5789655445,17.8502346777,17.2277949886,98.8262490336,12.6431002615,12.6161482661,35.2472752256,
reggae,12.0156416311,29.6156991393,20.9537008969,12.8788612526,10.0356634794,12.9299409259,98.3180161852,12.6161482661,5.22719563211,35.3856436782,
rock,31.7959227805,31.0714672338,17.704833948,24.1778557149,73.1463528166,28.316748467,53.5409672313,35.2472752256,35.3856436782,25.8854242721,

Nearest classes
Genre,Nearest,2nd nearest,3rd nearest
blues,reggae,disco,blues,
classical,classical,jazz,country,
country,country,disco,rock,
disco,disco,reggae,pop,
hiphop,reggae,hiphop,blues,
jazz,jazz,reggae,disco,
metal,country,rock,disco,
pop,reggae,pop,disco,
reggae,reggae,hiphop,blues,
rock,country,disco,rock,
