,blues,classical,country,disco,hiphop,jazz,metal,pop,reggae,rock,
blues,-7.1054273576e-15,76.0528715324,48.2906890008,212.27989605,127.5290015,24.534585617,263.732156994,298.975675743,93.4802963249,77.9804066133,
classical,76.0528715324,0.0,116.129539741,587.515600739,607.740050703,44.0119856186,460.591333978,1122.02823344,788.246971536,244.84035411,
country,48.2906890008,116.129539741,-3.5527136788e-15,144.580231469,197.451514149,49.0407407439,176.780359481,212.038852807,90.5677971891,48.4744964638,
disco,212.27989605,587.515600739,144.580231469,0.0,52.5857084059,225.369852565,45.9809343261,25.9833770553,62.3549965057,60.1287588306,
hiphop,127.5290015,607.740050703,197.451514149,52.5857084059,7.1054273576e-15,180.353919141,158.946635153,50.7573350295,32.3815873205,120.24946413,
jazz,24.534585617,44.0119856186,49.0407407439,225.369852565,180.353919141,7.1054273576e-15,258.630587573,359.729806477,191.49982842,105.437024397,
metal,263.732156994,460.591333978,176.780359481,45.9809343261,158.946635153,258.630587573,7.1054273576e-15,111.468610433,162.867463537,74.6137541431,
pop,298.975675743,1122.02823344,212.038852807,25.9833770553,50.7573350295,359.729806477,111.468610433,-2.13162820728e-14,84.0323676502,103.26083865,
reggae,93.4802963249,788.246971536,90.5677971891,62.3549965057,32.3815873205,191.49982842,162.867463537,84.0323676502,3.5527136788e-15,55.8764652877,
rock,77.9804066133,244.84035411,48.4744964638,60.1287588306,120.24946413,105.437024397,74.6137541431,103.26083865,55.8764652877,7.1054273576e-15,

Nearest classes
Genre,Nearest,2nd nearest,3rd nearest
blues,blues,jazz,country,
classical,classical,jazz,blues,
country,country,blues,rock,
disco,disco,pop,metal,
hiphop,hiphop,reggae,pop,
jazz,jazz,blues,classical,
metal,metal,disco,rock,
pop,pop,disco,hiphop,
reggae,reggae,hiphop,rock,
rock,rock,country,reggae,
