,blues,classical,country,disco,hiphop,jazz,metal,pop,reggae,rock,
blues,1.42108547152e-14,83.3831049656,41.7815303194,112.172737822,110.030107625,19.2084316284,175.050013355,224.270785368,71.6738843161,51.3830333962,
classical,83.3831049656,2.84217094304e-14,101.14745856,480.860601223,721.160194673,92.7677246765,385.213738789,1092.69566034,731.065331403,230.137036526,
country,41.7815303194,101.14745856,-2.84217094304e-14,92.8137906649,146.389343126,23.4858020959,115.057583521,178.017959638,200.48552779,30.5150924817,
disco,112.172737822,480.860601223,92.8137906649,1.42108547152e-14,17.5834062406,85.5198049776,34.0667338902,24.2800729809,45.7617469693,29.9902519275,
hiphop,110.030107625,721.160194673,146.389343126,17.5834062406,-1.7763568394e-14,118.695695695,133.559522439,37.6338361131,22.5801025483,66.0292085597,
jazz,19.2084316284,92.7677246765,23.4858020959,85.5198049776,118.695695695,-2.84217094304e-14,126.129839859,174.881452595,115.480615061,36.515851802,
metal,175.050013355,385.213738789,115.057583521,34.0667338902,133.559522439,126.129839859,2.13162820728e-14,94.2884675886,283.423561342,49.5680270697,
pop,224.270785368,1092.69566034,178.017959638,24.2800729809,37.6338361131,174.881452595,94.2884675886,-3.5527136788e-15,80.2449485933,85.3404752052,
reggae,71.6738843161,731.065331403,200.48552779,45.7617469693,22.5801025483,115.480615061,283.423561342,80.2449485933,1.7763568394e-14,123.374973013,
rock,51.3830333962,230.137036526,30.5150924817,29.9902519275,66.0292085597,36.515851802,49.5680270697,85.3404752052,123.374973013,3.5527136788e-15,

Nearest classes
Genre,Nearest,2nd nearest,3rd nearest
blues,blues,jazz,country,
classical,classical,blues,jazz,
country,country,jazz,rock,
disco,disco,hiphop,pop,
hiphop,hiphop,disco,reggae,
jazz,jazz,blues,country,
metal,metal,disco,rock,
pop,pop,disco,hiphop,
reggae,reggae,hiphop,disco,
rock,rock,disco,country,
