,blues,classical,country,disco,hiphop,jazz,metal,pop,reggae,rock,
blues,-3.5527136788e-15,41.573885127,17.769912603,78.8579160521,74.4364072159,11.2887934161,119.974770542,164.8262989,40.9673134225,32.1040679973,
classical,41.573885127,-7.1054273576e-15,48.8498332187,233.264985343,250.300759703,55.5073724509,268.362613357,450.636102408,189.972867144,118.791052973,
country,17.769912603,48.8498332187,-1.06581410364e-14,59.8607588833,70.076498054,14.2884707051,87.3296655737,118.350980946,37.1533869265,21.6722148182,
disco,78.8579160521,233.264985343,59.8607588833,-1.42108547152e-14,8.83549664957,54.7247824536,14.3893895052,17.6370525596,23.5281505353,20.2549044,
hiphop,74.4364072159,250.300759703,70.076498054,8.83549664957,-3.5527136788e-15,53.6382530377,32.160348713,26.6013064308,17.492211055,24.0290980756,
jazz,11.2887934161,55.5073724509,14.2884707051,54.7247824536,53.6382530377,-7.1054273576e-15,95.3817773656,109.311997796,27.2740044994,24.3921653998,
metal,119.974770542,268.362613357,87.3296655737,14.3893895052,32.160348713,95.3817773656,3.5527136788e-15,40.8927380528,61.0059213623,33.9853137685,
pop,164.8262989,450.636102408,118.350980946,17.6370525596,26.6013064308,109.311997796,40.8927380528,1.7763568394e-14,58.6453789737,63.5495780686,
reggae,40.9673134225,189.972867144,37.1533869265,23.5281505353,17.492211055,27.2740044994,61.0059213623,58.6453789737,1.06581410364e-14,20.0722276171,
rock,32.1040679973,118.791052973,21.6722148182,20.2549044,24.0290980756,24.3921653998,33.9853137685,63.5495780686,20.0722276171,0.0,

Nearest classes
Genre,Nearest,2nd nearest,3rd nearest
blues,blues,jazz,country,
classical,classical,blues,country,
country,country,jazz,blues,
disco,disco,hiphop,metal,
hiphop,hiphop,disco,reggae,
jazz,jazz,blues,country,
metal,metal,disco,hiphop,
pop,pop,disco,hiphop,
reggae,reggae,hiphop,rock,
rock,rock,reggae,disco,
