,blues,classical,country,disco,hiphop,jazz,metal,pop,reggae,rock,
blues,0.0,1104.03931451,516.41207657,65404.2646612,148635.515896,269267.231389,102993.509898,2464.1542301,41735.0112204,600.894865407,
classical,1104.03931451,0.0,1532.78173357,98229.2426833,226084.157251,327069.586834,141627.200673,11114.6623583,35030.928285,3289.93889047,
country,516.41207657,1532.78173357,0.0,56615.7501157,133387.194736,216300.198291,81607.517371,1903.13897672,33285.3100526,312.653037379,
disco,65404.2646612,98229.2426833,56615.7501157,0.0,81224.6653834,212351.406574,65485.1633552,70067.7891002,124873.270111,24654.5308571,
hiphop,148635.515896,226084.157251,133387.194736,81224.6653834,0.0,410872.586772,96685.5472426,74900.2305681,198645.301325,74346.0276339,
jazz,269267.231389,327069.586834,216300.198291,212351.406574,410872.586772,0.0,192803.953468,137153.880043,339693.460582,142523.911677,
metal,102993.509898,141627.200673,81607.517371,65485.1633552,96685.5472426,192803.953468,0.0,64305.7229594,137115.43997,45652.8460543,
pop,2464.1542301,11114.6623583,1903.13897672,70067.7891002,74900.2305681,137153.880043,64305.7229594,0.0,84245.2315392,1332.57658037,
reggae,41735.0112204,35030.928285,33285.3100526,124873.270111,198645.301325,339693.460582,137115.43997,84245.2315392,0.0,44947.489028,
rock,600.894865407,3289.93889047,312.653037379,24654.5308571,74346.0276339,142523.911677,45652.8460543,1332.57658037,44947.489028,0.0,

Nearest classes
Genre,Nearest,2nd nearest,3rd nearest
blues,blues,country,rock,
classical,classical,blues,country,
country,country,rock,blues,
disco,disco,rock,country,
hiphop,hiphop,rock,pop,
jazz,jazz,pop,rock,
metal,metal,rock,pop,
pop,pop,rock,country,
reggae,reggae,country,classical,
rock,rock,country,blues,
